{
  "particles": {
    "number": {
      "value": 50,
      "density": {
        "enable": true,
        "value_area": 800
      }
    },
    "color": {
      "value": "#000000"
    },
    "shape": {
      "type": "circle",
      "stroke": {
        "width": 0,
        "color": "#000000"
      },
      "polygon": {
        "nb_sides": 5
      }
    },
    "opacity": {
      "value": 0.1,
      "random": false,
      "anim": {
        "enable": false,
        "speed": 1,
        "opacity_min": 0.1,
        "sync": false
      }
    },
    "size": {
      "value": 5,
      "random": true,
      "anim": {
        "enable": false,
        "speed": 5,
        "size_min": 0.1,
        "sync": false
      }
    },
    "line_linked": {
      "enable": true,
      "distance": 150,
      "color": "#000000",
      "opacity": 0.4,
      "width": 1
    },
    "move": {
      "enable": true,
      "speed": 1,
      "direction": "none",
      "random": false,
      "straight": false,
      "out_mode": "out",
      "attract": {
        "enable": false,
        "rotateX": 600,
        "rotateY": 1200
      }
    }
  },
  "retina_detect": true
}